"r.squared","adj.r.squared","sigma","statistic","p.value","df","logLik","AIC","BIC","deviance","df.residual","nobs"
0.907605541209115,0.907590956448453,37.0030638492978,NA,NA,NA,-31869.1950432063,63742.3900864126,63755.8980922796,8674051.36138004,6335,6336
