"r.squared","adj.r.squared","sigma","statistic","p.value","df","logLik","AIC","BIC","deviance","df.residual","nobs"
0.911815696479317,0.911811020995328,43.1434505926227,NA,NA,NA,-97770.0952239624,195544.190447925,195559.880257115,35107060.5829871,18861,18862
