"r.squared","adj.r.squared","sigma","statistic","p.value","df","logLik","AIC","BIC","deviance","df.residual","nobs"
0.915324949461655,0.915318188978579,45.3512732276976,NA,NA,NA,-65552.7775883855,131109.555176771,131124.426300297,25760643.2417503,12525,12526
