"r.squared","adj.r.squared","sigma","statistic","p.value","df","logLik","AIC","BIC","deviance","df.residual","nobs"
0.914220049878897,0.914204971666536,36.5223962024934,NA,NA,NA,-28545.4572552518,57094.9145105037,57108.2074415579,7588474.17925177,5689,5690
