"r.squared","adj.r.squared","sigma","statistic","p.value","df","logLik","AIC","BIC","deviance","df.residual","nobs"
0.91361904520397,0.913613228304657,38.6433784602736,NA,NA,NA,-75343.2857961724,150690.571592345,150705.783237309,22175663.8775355,14850,14851
