"r.squared","adj.r.squared","sigma","statistic","p.value","df","logLik","AIC","BIC","deviance","df.residual","nobs"
0.914000704015149,0.913991315445718,39.7451023929423,NA,NA,NA,-46733.6558311627,93471.3116623255,93485.5570835695,14469806.1843053,9160,9161
