"r.squared","adj.r.squared","sigma","statistic","p.value","df","logLik","AIC","BIC","deviance","df.residual","nobs"
0.900806612902445,0.900798720994808,49.1665133216941,NA,NA,NA,-66798.3818390952,133600.76367819,133615.641814794,30383622.2788767,12569,12570
