"r.squared","adj.r.squared","sigma","statistic","p.value","df","logLik","AIC","BIC","deviance","df.residual","nobs"
0.910384004267037,0.910370195947202,37.4593837440252,NA,NA,NA,-32728.3927632613,65460.7855265227,65474.3418702848,9106803.2438291,6490,6491
