"r.squared","adj.r.squared","sigma","statistic","p.value","df","logLik","AIC","BIC","deviance","df.residual","nobs"
0.901056300720312,0.90105110955036,46.0176002691331,NA,NA,NA,-100030.912647794,200065.825295588,200081.536094871,40361828.3281364,19060,19061
